{
  "openapi": "3.0.3",
  "info": {
    "title": "Fire and Steam API",
    "description": "7 day forecast for fire and steam risk",
    "version": "1.0.11"
  },
  "servers": [
    {
      "url": "https://was-uks-nprd-waf-rowsdev6004.azurewebsites.net"
    }
  ],
  "paths": {
    "/api/fireRiskIndex": {
      "get": {
        "summary": "Fire risk",
        "description": "7 day forecast for fire risk",
        "operationId": "fireRiskIndex",
        "parameters": [
          {
            "name": "region",
            "in": "query",
            "description": "region",
            "required": false,
            "schema": {
              "type": "string",
              "default": "all"
            }
          }
        ],
        "responses": {
          "200": {
            "description": "successful operation"
          },
          "400": {
            "description": "Invalid status value"
          }
        }
      }
    },
    "/api/steamRiskIndex": {
      "get": {
        "summary": "Steam risk",
        "description": "7 day forecast for steam risk",
        "operationId": "steamRiskIndex",
        "parameters": [
          {
            "name": "region",
            "in": "query",
            "description": "region",
            "required": false,
            "schema": {
              "type": "string",
              "default": "all"
            }
          }
        ],
        "responses": {
          "200": {
            "description": "successful operation"
          },
          "400": {
            "description": "Invalid status value"
          }
        }
      }
    }
  }
}