{
  "openapi": "3.0.3",
  "info": {
    "title": "Weather Parameters API",
    "description": "Daily and Hourly forecast for weather parameters",
    "version": "1.0.11"
  },
  "servers": [
    {
      "url": "https://was-uks-nprd-waf-rowsdev6004.azurewebsites.net"
    }
  ],
  "paths": {
    "/api/weatherDaily": {
      "get": {
        "summary": "Daily Weather forecast",
        "description": "7 day forecast",
        "operationId": "weatherDaily",
        "parameters": [
          {
            "name": "region",
            "in": "query",
            "description": "region",
            "required": false,
            "schema": {
              "type": "string",
              "default": "all"
            }
          }
        ],
        "responses": {
          "200": {
            "description": "successful operation"
          },
          "400": {
            "description": "Invalid status value"
          }
        }
      }
    },
    "/api/weatherHourly": {
      "get": {
        "summary": "Hourly Weather forecast",
        "description": "24 hour forecast",
        "operationId": "weatherHourly",
        "parameters": [
          {
            "name": "region",
            "in": "query",
            "description": "region",
            "required": false,
            "schema": {
              "type": "string",
              "default": "all"
            }
          }
        ],
        "responses": {
          "200": {
            "description": "successful operation"
          },
          "400": {
            "description": "Invalid status value"
          }
        }
      }
    }
  }
}